[
  {
    "timestamp": "2025-02-08T22:25:17.596Z",
    "error": {
      "message": "this.saveProgress is not a function",
      "stack": "TypeError: this.saveProgress is not a function\n    at TwitterPipeline.cleanup (file:///Users/x/Documents/GitHub/twitter-scraper-finetune/src/twitter/TwitterPipeline.js:866:18)\n    at process.processTicksAndRejections (node:internal/process/task_queues:105:5)\n    at async TwitterPipeline.run (file:///Users/x/Documents/GitHub/twitter-scraper-finetune/src/twitter/TwitterPipeline.js:769:7)"
    },
    "context": {
      "stage": "pipeline_execution",
      "runtime": 45.505,
      "stats": {
        "requestCount": 0,
        "rateLimitHits": 0,
        "retriesCount": 0,
        "uniqueTweets": 0,
        "fallbackCount": 0,
        "startTime": 1739053472091,
        "oldestTweetDate": "2021-01-28T14:22:48.000Z",
        "newestTweetDate": "2025-01-26T16:43:57.000Z",
        "fallbackUsed": false
      },
      "username": "giganticrebirth",
      "sessionDuration": 45506,
      "rateLimitHits": 0,
      "fallbackUsed": false,
      "fallbackCount": 0
    },
    "stats": {
      "requestCount": 0,
      "rateLimitHits": 0,
      "retriesCount": 0,
      "uniqueTweets": 0,
      "fallbackCount": 0,
      "startTime": 1739053472091,
      "oldestTweetDate": "2021-01-28T14:22:48.000Z",
      "newestTweetDate": "2025-01-26T16:43:57.000Z",
      "fallbackUsed": false
    },
    "config": {
      "delays": {
        "min": 1000,
        "max": 3000
      },
      "retries": 5,
      "fallback": {
        "enabled": true,
        "sessionDuration": 1800000
      }
    }
  }
]