{
  "totalTweets": 667,
  "directTweets": 268,
  "replies": 399,
  "retweets": 0,
  "engagement": {
    "totalLikes": 191585,
    "totalRetweetCount": 13998,
    "totalReplies": 15519,
    "averageLikes": "287.23",
    "topTweets": [
      {
        "id": "1803168390628123067",
        "text": "@Tree_of_Alpha 2022 bet was in the middle of a bear market\n\ncurrent structure reminds me more of lat",
        "likes": 9134,
        "retweetCount": 1079,
        "url": "https://twitter.com/GiganticRebirth/status/1803168390628123067"
      },
      {
        "id": "1525110032895025154",
        "text": "English poet Thomas Howell used to have an old idiom;  don't count your chickens before they hatch\n\n",
        "likes": 8480,
        "retweetCount": 730,
        "url": "https://twitter.com/GiganticRebirth/status/1525110032895025154"
      },
      {
        "id": "1803132945655538164",
        "text": "@MartinShkreli 100 million\n\nif you don't have 100 million, as much as you're willing to bet",
        "likes": 7089,
        "retweetCount": 763,
        "url": "https://twitter.com/GiganticRebirth/status/1803132945655538164"
      },
      {
        "id": "1444111421067907081",
        "text": "You should be sacrificing your weekends to give everything you have to harvesting all possible yield",
        "likes": 5796,
        "retweetCount": 1186,
        "url": "https://twitter.com/GiganticRebirth/status/1444111421067907081"
      },
      {
        "id": "1881404709313052707",
        "text": "@Web3Quant @_Mitchis_ @0xjaypeg i don't believe bitcoin tops until it flips gold, and will likely be",
        "likes": 3857,
        "retweetCount": 328,
        "url": "https://twitter.com/GiganticRebirth/status/1881404709313052707"
      }
    ]
  },
  "timeRange": {
    "start": "2021-01-28",
    "end": "2025-01-26"
  },
  "contentTypes": {
    "withImages": 117,
    "withVideos": 0,
    "withLinks": 34,
    "textOnly": 520
  }
}